time_ms,CH1_raw,CH4_raw,Diff_C1_C4,Temp_C
"{""status"":""zero_done""","""base_pF"":[0.0005",0.0005,0.0005,0.0005]}
327635,9591,9551,40.00,23751
327659,9836,9548,288.00,23750
327683,9579,9167,412.00,23810
327707,9958,9662,296.00,23691
327731,9864,9365,499.00,23751
327755,9776,9613,163.00,23751
327779,9849,9697,152.00,23751
327803,9646,9368,278.00,23751
327827,9793,9527,266.00,23751
327851,9656,9413,243.00,23751
327875,9624,9801,-177.00,23751
327899,9810,9401,409.00,23735
327923,9597,9435,162.00,23750
327947,9895,9498,397.00,23751
327971,9872,9336,536.00,23751
327996,9681,9691,-10.00,24329
328021,9625,9181,444.00,23706
328045,9590,9593,-3.00,23750
328069,9799,9103,696.00,23735
328093,9515,9509,6.00,23783
328117,9949,9715,234.00,23720
328141,9459,9293,166.00,23751
328165,9517,9503,14.00,23750
328189,9772,9286,486.00,23750
328213,9524,9404,120.00,23751
328237,9714,9433,281.00,23751
328261,9408,9367,41.00,23751
328285,9636,9419,217.00,23751
328309,9697,9478,219.00,23751
328333,9461,9259,202.00,23751
328357,9591,9724,-133.00,23751
328381,9666,9319,347.00,23735
328405,9581,9485,96.00,23750
328429,9834,9385,449.00,23751
328453,9591,9341,250.00,23751
328477,9606,9536,70.00,23751
328501,9599,9226,373.00,23751
328525,9855,9471,384.00,23743
328549,9904,9292,612.00,23750
328573,9517,9387,130.00,23751
328597,9694,9562,132.00,23751
328621,9523,9361,162.00,23752
328645,9689,9704,-15.00,23751
328669,9679,9526,153.00,23734
328693,9436,9468,-32.00,23751
328717,9694,9639,55.00,23735
328741,9526,9297,229.00,23751
328765,9569,9622,-53.00,23750
328789,9903,9371,532.00,23735
328813,9682,9502,180.00,23751
328837,9435,9763,-328.00,23751
328861,9434,9271,163.00,23735
328885,9547,9483,64.00,23751
328909,9849,9215,634.00,23751
328933,9493,9343,150.00,23751
328957,9604,9658,-54.00,23751
328981,9584,9304,280.00,23735
329006,10018,9421,597.00,24336
329031,9866,9398,468.00,23724
329055,9733,9656,77.00,23750
329079,9825,9783,42.00,23751
329103,9653,9316,337.00,23752
329127,9878,9950,-72.00,23751
329151,9782,9398,384.00,23734
329175,9756,9709,47.00,23751
329199,9959,9606,353.00,23750
329223,9635,9458,177.00,23751
329247,9859,9624,235.00,23751
329271,9750,9310,440.00,23751
329295,9603,9704,-101.00,23751
329319,9777,9535,242.00,23735
329343,9532,9356,176.00,23751
329367,9940,9456,484.00,23751
329391,9782,9392,390.00,23751
329415,9511,9525,-14.00,23751
329439,10094,9683,411.00,23735
329463,9649,9276,373.00,23750
329487,9767,9611,156.00,23751
329511,9610,9388,222.00,23751
329535,9460,9701,-241.00,23751
329559,9867,9640,227.00,23734
329583,9590,9295,295.00,23750
329607,9900,9543,357.00,23751
329631,9814,9316,498.00,23751
329655,9689,9559,130.00,23750
329679,9732,9478,254.00,23751
329703,9547,9318,229.00,23750
329727,9954,9547,407.00,23750
329751,9880,9253,627.00,23750
329775,9506,9507,-1.00,23751
329799,10194,9565,629.00,23735
329823,9438,9186,252.00,23750
329847,9774,9643,131.00,23750
329871,9684,9204,480.00,23750
329895,9565,9522,43.00,23751
329919,10028,9634,394.00,23751
329943,9679,9342,337.00,23750
329967,9749,9570,179.00,23751
329991,9981,9396,585.00,23751
330016,9623,9690,-67.00,24329
330041,9450,9355,95.00,23706
330065,9644,9657,-13.00,23751
330089,9871,9353,518.00,23735
330113,9492,9588,-96.00,23752
330137,9732,9693,39.00,23735
330161,9590,9328,262.00,23592
330185,9589,9604,-15.00,23747
330209,9811,9426,385.00,23735
330233,9569,9409,160.00,23751
330257,9626,9856,-230.00,23751
330281,9535,9262,273.00,23735
330305,9655,9586,69.00,23751
330329,9713,9315,398.00,23750
330353,9434,9404,30.00,23751
330377,9691,9497,194.00,23751
330401,9416,9305,111.00,23750
330425,9704,9562,142.00,23750
330449,10138,9304,834.00,23751
330473,9557,9525,32.00,23750
330497,9918,9568,350.00,23752
330521,9477,9314,163.00,23751
330545,9380,9668,-288.00,23830
330569,10010,9281,729.00,23651
330593,9559,9654,-95.00,23750
330617,9510,9624,-114.00,23736
330641,9493,9382,111.00,23735
330665,9660,9493,167.00,23750
330689,9905,9391,514.00,23751
330713,9419,9406,13.00,23751
330737,9717,9891,-174.00,23751
330761,9599,9412,187.00,23735
330785,9792,9557,235.00,23750
330809,9960,9398,562.00,23751
330833,9630,9357,273.00,23751
330857,9688,9831,-143.00,23751
330881,9467,9411,56.00,23735
330905,9615,9861,-246.00,23751
330929,9725,9492,233.00,23735
330953,9565,9530,35.00,23751
330977,9746,9622,124.00,23751
331001,9583,9376,207.00,23751
331026,9556,9569,-13.00,24361
331051,9861,9344,517.00,23713
331075,9604,9581,23.00,23751
331099,10006,9730,276.00,23751
331123,9531,9375,156.00,23751
331147,9643,9457,186.00,23751
331171,9748,9278,470.00,23750
331195,9500,9522,-22.00,23750
331219,10157,9420,737.00,23735
331243,9515,9248,267.00,23750
331267,9947,9339,608.00,23750
331291,9883,9313,570.00,23751
331315,9608,9274,334.00,23751
331339,9812,9575,237.00,23751
331363,9613,9339,274.00,23751
331387,9660,9526,134.00,23750
331411,9787,9287,500.00,23751
331435,9571,9556,15.00,23751
331459,9896,9533,363.00,23751
331483,9523,9405,118.00,23751
331507,9703,9513,190.00,23752
331531,9772,9311,461.00,23751
331555,9428,9452,-24.00,23750
331579,9846,9468,378.00,23735
331603,9447,9159,288.00,23752
331627,9848,9510,338.00,23751
331651,9613,9346,267.00,23750
331675,9688,9536,152.00,23751
331699,9531,9558,-27.00,23751
331723,9559,9390,169.00,23735
331747,9691,9572,119.00,23751
331771,9732,9253,479.00,23751
331795,9480,9528,-48.00,23751
331819,9909,9482,427.00,23735
331843,9523,9440,83.00,23751
331867,9515,9549,-34.00,23750
331891,9928,9390,538.00,23735
331915,9474,9258,216.00,23751
331939,9519,9602,-83.00,23751
331963,9558,9315,243.00,23735
331987,9700,9814,-114.00,23750
332011,9813,9392,421.00,23735
332036,9545,9692,-147.00,24327
332061,9599,9405,194.00,23706
332085,9866,9510,356.00,23750
332109,9988,9513,475.00,23752
332133,9557,9529,28.00,23751
332157,9940,9485,455.00,23750
332181,9613,9442,171.00,23750
332205,9841,9577,264.00,23751
332229,9769,9449,320.00,23751
332253,9657,9391,266.00,23751
332277,9848,9893,-45.00,23751
332301,9531,9475,56.00,23735
332325,9781,9581,200.00,23751
332349,10142,9418,724.00,23751
332373,9684,9490,194.00,23750
332397,9870,9591,279.00,23751
332421,9812,9341,471.00,23750
332445,9755,9546,209.00,23750
332469,10149,9528,621.00,23750
332493,9624,9521,103.00,23750
332517,9819,9593,226.00,23751
332541,9602,9377,225.00,23751
332565,9676,9435,241.00,23750
332589,9968,9666,302.00,23751
332613,9591,9485,106.00,23752
332637,9851,9568,283.00,23751
332661,9482,9513,-31.00,23750
332685,9676,9561,115.00,23735
332709,9912,9397,515.00,23751
332733,9659,9464,195.00,23751
332757,9682,9963,-281.00,23751
332781,9731,9324,407.00,23735
332805,9736,9464,272.00,23751
332829,9771,9312,459.00,23751
332853,9732,9466,266.00,23751
332877,9798,9780,18.00,23751
332901,9696,9330,366.00,23751
332925,9547,9722,-175.00,23751
332949,10016,9450,566.00,23735
332973,9641,9449,192.00,23750
332997,9743,9721,22.00,23751
333021,9533,9434,99.00,23750
333046,9789,9682,107.00,24333
333071,9735,9318,417.00,23724
333095,9522,9188,334.00,23751
333119,9943,9521,422.00,23752
333143,9493,9208,285.00,23751
333167,9756,9533,223.00,23750
333191,9672,9280,392.00,23751
333215,9750,9282,468.00,23751
333239,9523,9529,-6.00,23751
333263,9502,9191,311.00,23735
333287,9754,9502,252.00,23750
333311,9729,9249,480.00,23751
333335,9520,9670,-150.00,23751
333359,9938,9612,326.00,23735
333383,9505,9194,311.00,23750
333407,9618,9533,85.00,23750
333431,10075,9304,771.00,23751
333455,9434,9472,-38.00,23750
333479,9608,9560,48.00,23735
333503,9578,9401,177.00,23751
333527,9698,9494,204.00,23751
333551,9837,9185,652.00,23750
333575,9416,9545,-129.00,23751
333599,9774,9367,407.00,23735
333623,9480,9270,210.00,23751
333647,9634,9550,84.00,23751
333671,9750,9292,458.00,23750
333695,9403,9414,-11.00,23751
333719,10018,9597,421.00,23735
333743,9448,9268,180.00,23750
333767,9735,9515,220.00,23751
333791,9761,9275,486.00,23751
333815,9621,9542,79.00,23751
333839,9627,9496,131.00,23750
333863,9434,9187,247.00,23750
333887,9655,9643,12.00,23750
333911,9678,9186,492.00,23751
333935,9612,9590,22.00,23750
333959,9781,9380,401.00,23751
333983,9458,9294,164.00,23750
334007,9585,9535,50.00,23751
334031,9737,9308,429.00,23777
334056,9945,9634,311.00,23994
334081,9849,9370,479.00,23722
334105,9788,9381,407.00,23751
334129,9843,9616,227.00,23751
334153,9585,9393,192.00,23750
334177,9728,9904,-176.00,23751
334201,9471,9395,76.00,23735
334225,9710,9570,140.00,23751
334249,9753,9676,77.00,23751
334273,9692,9463,229.00,23750
334297,9649,9692,-43.00,23751
334321,9590,9513,77.00,23735
334345,9581,9831,-250.00,23751
334369,9729,9453,276.00,23735
334393,9537,9506,31.00,23751
334417,9818,9752,66.00,23751
334441,9442,9353,89.00,23796
334465,9799,9402,397.00,23682
334489,9773,9601,172.00,23751
334513,9557,9485,72.00,23752
334537,9844,9730,114.00,23751
334561,9557,9526,31.00,23750
334585,9719,9530,189.00,23751
334609,9880,9558,322.00,23752
334633,9700,9528,172.00,23751
334657,9661,9629,32.00,23750
334681,9663,9288,375.00,23750
334705,9625,9685,-60.00,23751
334729,9728,9424,304.00,23735
334753,9575,9404,171.00,23750
334777,9994,9606,388.00,23751
334801,9578,9393,185.00,23750
334825,9802,9476,326.00,23751
334849,9860,9599,261.00,23751
334873,9749,9467,282.00,23751
334897,9930,9852,78.00,23751
334921,9527,9274,253.00,23751
334945,9781,9848,-67.00,23751
334969,9979,9458,521.00,23735
334993,9590,9571,19.00,23751
335017,9760,9948,-188.00,23751
335041,9526,9399,127.00,23735
335066,9810,9414,396.00,24330
335091,9707,9250,457.00,23724
335115,9617,9399,218.00,23752
335139,9677,9613,64.00,23751
335163,9473,9236,237.00,23750
335187,9694,9522,172.00,23751
335211,9933,9315,618.00,23751
335235,9603,9432,171.00,23751
335259,9639,9565,74.00,23751
335283,9456,9225,231.00,23751
335307,9800,9678,122.00,23751
335331,9690,9272,418.00,23751
335355,9586,9549,37.00,23751
335379,9973,9415,558.00,23751
335403,9492,9036,456.00,23751
335427,9487,9533,-46.00,23750
335451,9950,9269,681.00,23735
335475,9444,9530,-86.00,23751
335499,9822,9542,280.00,23736
335523,9478,9183,295.00,23751
335547,9481,9495,-14.00,23750
335571,9841,9286,555.00,23735
335595,9336,9552,-216.00,23751
335619,9794,9547,247.00,23736
335643,9511,9431,80.00,23751
335667,9672,9366,306.00,23750
335691,9826,9416,410.00,23750
335715,9555,9500,55.00,23751
335739,9760,9581,179.00,23750
335763,9462,9257,205.00,23750
335787,9625,9605,20.00,23751
335811,9612,9322,290.00,23751
335835,9446,9360,86.00,23750
335859,9669,9674,-5.00,23751
335883,9526,9181,345.00,23735
335907,9520,9629,-109.00,23751
335931,9947,9226,721.00,23735
335955,9508,9388,120.00,23751
335979,9733,9527,206.00,23751
336003,9567,9256,311.00,23751
336027,9883,9465,418.00,23750
336051,9664,9337,327.00,23751
336076,9701,9454,247.00,24327
336101,9451,9427,24.00,23723
336125,9709,9678,31.00,23751
336149,10029,9619,410.00,23751
336173,9726,9459,267.00,23750
336197,9749,9634,115.00,23751
336221,9864,9422,442.00,23750
336245,9643,9676,-33.00,23751
336269,9767,9369,398.00,23735
336293,9592,9528,64.00,23751
336317,9797,9742,55.00,23751
336341,9605,9539,66.00,23751
336365,9691,9618,73.00,23750
336389,9891,9673,218.00,23751
336413,9763,9448,315.00,23751
336437,9873,9890,-17.00,23751
336461,9585,9421,164.00,23735
336485,9754,9684,70.00,23751
336509,10214,9593,621.00,23752
336533,9668,9411,257.00,23751
336557,9786,9593,193.00,23750
336581,9800,9393,407.00,23751
336605,9563,9357,206.00,23751
336629,10016,9501,515.00,23751
336653,9549,9440,109.00,23750
336677,9963,9638,325.00,23751
336701,9661,9418,243.00,23751
336725,9650,9475,175.00,23751
336749,9857,9341,516.00,23751
336773,9728,9346,382.00,23751
336797,9861,9772,89.00,23751
336821,9689,9482,207.00,23751
336845,9691,9546,145.00,23751
336869,10012,9450,562.00,23751
336893,9668,9309,359.00,23768
336917,9805,9745,60.00,23718
336941,9648,9449,199.00,23750
336965,9498,9476,22.00,23751
336989,9960,9369,591.00,23751
337013,9569,9434,135.00,23751
337037,9608,9405,203.00,23751
337061,9849,9345,504.00,23750
337086,9958,9794,164.00,24326
337111,9827,9328,499.00,23725
337135,9552,9673,-121.00,23751
337159,9774,9703,71.00,23734
337183,9575,9308,267.00,23750
337207,9506,9491,15.00,23751
337231,9763,9395,368.00,23751
337255,9435,9613,-178.00,23751
337279,9605,9737,-132.00,23735
337303,9536,9437,99.00,23783
337327,9429,9665,-236.00,23683
337351,9927,9370,557.00,23735
337375,9585,9329,256.00,23751
337399,9738,9686,52.00,23751
337423,9449,9315,134.00,23751
337447,9691,9586,105.00,23750
337471,9709,9375,334.00,23751
337495,9390,9676,-286.00,23752
337519,9769,9779,-10.00,23735
337543,9512,9255,257.00,23735
337567,9642,9831,-189.00,23750
337591,9599,9379,220.00,23735
337615,9347,9623,-276.00,23752
337639,9618,9742,-124.00,23735
337663,9505,9384,121.00,23734
337687,9888,9665,223.00,23750
337711,9631,9305,326.00,23751
337735,9603,9517,86.00,23751
337759,9632,9748,-116.00,23751
337783,9565,9460,105.00,23735
337807,9845,9624,221.00,23750
337831,9836,9348,488.00,23751
337855,9522,9730,-208.00,23751
337879,9825,9707,118.00,23735
337903,9517,9331,186.00,23750
337927,9701,9844,-143.00,23750
337951,9651,9384,267.00,23735
337975,9529,9586,-57.00,23751
337999,9633,9840,-207.00,23735
338023,9501,9308,193.00,23735
338047,9718,9843,-125.00,23750
338071,9633,9402,231.00,23735
338096,9492,9668,-176.00,24329
338121,9585,9358,227.00,23707
338145,9661,9667,-6.00,23751
338169,9721,9562,159.00,23735
338193,9659,9391,268.00,23751
338217,9887,9599,288.00,23751
338241,9740,9437,303.00,23750
338265,9577,9461,116.00,23750
338289,10066,9535,531.00,23751
338313,9600,9493,107.00,23750
338337,9976,9646,330.00,23751
338361,9610,9495,115.00,23751
338385,9722,9458,264.00,23751
338409,9997,9649,348.00,23751
338433,9684,9444,240.00,23751
338457,9850,9932,-82.00,23751
338481,9623,9496,127.00,23735
338505,9723,9529,194.00,23752
338529,9978,9441,537.00,23751
338553,9677,9453,224.00,23750
338577,9917,9796,121.00,23751
338601,9798,9434,364.00,23751
338625,9686,9330,356.00,23751
338649,9937,9592,345.00,23751
338673,9572,9336,236.00,23750
338697,9731,9898,-167.00,23751
338721,9670,9514,156.00,23735
338745,9695,9511,184.00,23750
338769,10017,9676,341.00,23751
338793,9665,8891,774.00,23750
338817,9871,9918,-47.00,23751
338841,9704,9405,299.00,23735
338865,9618,9729,-111.00,23751
338889,9735,9602,133.00,23735
338913,9625,9400,225.00,23751
338937,9724,9690,34.00,23751
338961,9818,9559,259.00,23751
338985,9605,9670,-65.00,23750
339009,9851,9349,502.00,23735
339033,9618,9460,158.00,23751
339057,9763,9596,167.00,23751
339081,9790,9430,360.00,23751
339106,10060,9600,460.00,24327
339131,9673,9415,258.00,23724
339155,9543,9538,5.00,23750
339179,10002,9540,462.00,23751
339203,9553,9276,277.00,23750
339227,9682,9565,117.00,23751
339251,9846,9360,486.00,23751
339275,9502,9510,-8.00,23751
339299,9845,9465,380.00,23735
339323,9489,9209,280.00,23751
339347,9802,9524,278.00,23751
339371,9745,9371,374.00,23751
339395,9495,9482,13.00,23751
339419,9813,9548,265.00,23751
339443,9533,9153,380.00,23751
339467,9757,9527,230.00,23750
339491,9809,9319,490.00,23751
339515,9540,9216,324.00,23752
339539,9678,9721,-43.00,23751
339563,9559,9206,353.00,23734
339587,9890,9809,81.00,23751
339611,9804,9167,637.00,23752
339635,9581,9522,59.00,23751
339659,9508,9363,145.00,23750
339683,9604,9313,291.00,23751
339707,9613,9439,174.00,23751
339731,9653,9209,444.00,23751
339755,9329,9543,-214.00,23751
339779,9803,9528,275.00,23735
339803,9546,9281,265.00,23750
339827,9753,9468,285.00,23750
339851,9586,9270,316.00,23751
339875,9479,9315,164.00,23751
339899,9693,9502,191.00,23751
339923,9411,9131,280.00,23750
339947,9652,9559,93.00,23750
339971,9707,9319,388.00,23790
339995,9537,9306,231.00,23712
340019,9443,9725,-282.00,23750
340043,9633,9191,442.00,23735
340067,9801,9564,237.00,23751
340091,9817,9318,499.00,23751
340116,9834,9650,184.00,24331
340141,9386,9444,-58.00,23722
340165,9614,9331,283.00,23734
340189,9880,9570,310.00,23751
340213,9631,9470,161.00,23751
340237,9866,9760,106.00,23751
340261,9596,9555,41.00,23751
340285,9652,9560,92.00,23751
340309,9773,9789,-16.00,23751
340333,9452,9488,-36.00,23735
340357,9707,9838,-131.00,23735
340381,9371,9395,-24.00,23750
340405,9668,9715,-47.00,23721
340429,9882,9658,224.00,23735
340453,9674,9449,225.00,23751
340477,9914,9759,155.00,23751
340501,9782,9341,441.00,23752
340525,9522,9444,78.00,23751
340549,10140,9614,526.00,23750
340573,9662,9384,278.00,23751
340597,9820,9726,94.00,23750
340621,9810,9506,304.00,23751
340645,9675,9601,74.00,23751
340669,10002,9485,517.00,23750
340693,9713,9361,352.00,23750
340717,9678,9649,29.00,23751
340741,9764,9395,369.00,23750
340765,9648,9584,64.00,23750
340789,9972,9469,503.00,23763
340813,9538,9319,219.00,23723
340837,9814,9702,112.00,23751
340861,9616,9427,189.00,23751
340885,9662,9594,68.00,23750
340909,9937,9568,369.00,23751
340933,9551,9375,176.00,23751
340957,9946,9754,192.00,23751
340981,9651,9440,211.00,23751
341005,9673,9472,201.00,23751
341029,9814,9392,422.00,23751
341053,9708,9315,393.00,23751
341077,9854,9775,79.00,23751
341101,9760,9375,385.00,23752
341126,9501,9745,-244.00,24324
341151,9696,9231,465.00,23707
341175,9397,9524,-127.00,23751
341199,9908,9479,429.00,23767
341223,9510,9381,129.00,23709
341247,9733,9512,221.00,23751
341271,9598,9290,308.00,23751
341295,9538,9268,270.00,23750
341319,9602,9541,61.00,23751
341343,9594,9171,423.00,23751
341367,9690,9491,199.00,23751
341391,9717,9281,436.00,23751
341415,9688,9410,278.00,23752
341439,9448,9628,-180.00,23750
341463,9495,9293,202.00,23735
341487,9472,9597,-125.00,23751
341511,9789,9267,522.00,23736
341535,9496,9587,-91.00,23751
341559,9732,9512,220.00,23734
341583,9494,9292,202.00,23750
341607,9620,9799,-179.00,23752
341631,9721,9313,408.00,23735
341655,9581,9810,-229.00,23750
341679,9692,9535,157.00,23735
341703,9481,9335,146.00,23751
341727,9783,9515,268.00,23751
341751,9829,9373,456.00,23751
341775,9552,9629,-77.00,23751
341799,9864,9778,86.00,23735
341823,9549,9250,299.00,23751
341847,9692,9755,-63.00,23751
341871,9883,9311,572.00,23735
341895,9405,9546,-141.00,23751
341919,9613,9740,-127.00,23735
341943,9453,9282,171.00,23735
341967,9490,9584,-94.00,23751
341991,9750,9372,378.00,23735
342015,9522,9474,48.00,23751
342039,9737,9685,52.00,23751
342063,9578,9303,275.00,23751
342087,9612,9802,-190.00,23751
342111,9790,9272,518.00,23736
342136,9787,9574,213.00,24330
342161,9509,9434,75.00,23721
342185,9767,9535,232.00,23750
342209,9954,9524,430.00,23751
342233,9591,9369,222.00,23751
342257,9690,9853,-163.00,23751
342281,9413,9445,-32.00,23735
342305,9599,9473,126.00,23735
342329,9855,9636,219.00,23751
342353,9671,9325,346.00,23751
342377,9875,9866,9.00,23751
342401,9898,9404,494.00,23751
342425,9559,9586,-27.00,23751
342449,9618,9327,291.00,23735
342473,9782,9417,365.00,23751
342497,9699,9823,-124.00,23752
342521,9464,9428,36.00,23735
342545,9676,9415,261.00,23759
342569,9575,9503,72.00,23730
342593,9627,9394,233.00,23751
342617,9814,9490,324.00,23752
342641,9918,9507,411.00,23751
342665,9551,9657,-106.00,23750
342689,9905,9551,354.00,23735
342713,9543,9473,70.00,23751
342737,9773,9899,-126.00,23751
